<parameters>
<parameter id="076a9b0e-62a1-46c9-95da-e28a6914495b" label="Name" type="STRING" stub="false" varname="NAME" uiOrder="6"
 readonly="false" visible="true" mandatory="true" expert="false" isInstanceParameter="true" baseParameter="076a9b0e-62a1-46c9-95da-e28a6914495b">
<description></description><defaultValue>
</defaultValue>
<dependentParameters>
<parameter id="3454e6b7-d4d0-45b5-a5cd-ce5d73385923" label="Interval" type="ENUMERATION" defaultValue="High" stub="false" varname="INTERVAL" uiOrder="0"
 readonly="false" visible="true" mandatory="true" expert="false" isInstanceParameter="false" baseParameter="3454e6b7-d4d0-45b5-a5cd-ce5d73385923">
<description>Interval that determines how often the collection should be run.</description><enumValues><enumValue value="Very high" uiorder="0"/><enumValue value="High" uiorder="1"/><enumValue value="Medium" uiorder="2"/><enumValue value="Low" uiorder="3"/></enumValues></parameter>
<parameter id="2ae76e5f-7714-46d8-9d54-e83276566752" label="Username With API Access Enable" type="STRING" stub="false" varname="VSD_USERNAME" uiOrder="1"
 readonly="false" visible="true" mandatory="true" expert="false" isInstanceParameter="false" baseParameter="2ae76e5f-7714-46d8-9d54-e83276566752">
<description></description><defaultValue value="vsd_username"></defaultValue>
</parameter>
<parameter id="f4c1b622-d984-4919-8f65-f061b3c3f93c" label="Password For Suplied Username" type="PASSWORD" stub="false" varname="VSD_PASSWORD" uiOrder="2"
 readonly="false" visible="true" mandatory="true" expert="false" isInstanceParameter="false" baseParameter="f4c1b622-d984-4919-8f65-f061b3c3f93c">
<description></description></parameter>
<parameter id="bdc0cd9e-305c-4dd7-9afc-e1ddd914b625" label="Enterprise" type="STRING" stub="false" varname="VSD_ENTERPRISE" uiOrder="3"
 readonly="false" visible="true" mandatory="true" expert="false" isInstanceParameter="false" baseParameter="bdc0cd9e-305c-4dd7-9afc-e1ddd914b625">
<description></description><defaultValue value="vsd_enterprise"></defaultValue>
</parameter>
<parameter id="78e8155d-b0e4-4788-a765-f9c9a17b252e" label="API Version Ex: 3.0" type="STRING" stub="false" varname="VSD_API_VERSION" uiOrder="4"
 readonly="false" visible="true" mandatory="true" expert="false" isInstanceParameter="false" baseParameter="78e8155d-b0e4-4788-a765-f9c9a17b252e">
<description>3.2</description><defaultValue value="3.0"></defaultValue>
</parameter>
<parameter id="a05c3c26-0d37-4aec-8654-c909ca35d650" label="API URL Including Protocol And Port Ex: Https://10.3.175.7:8443" type="STRING" stub="false" varname="VSD_API_URL" uiOrder="5"
 readonly="false" visible="true" mandatory="true" expert="false" isInstanceParameter="false" baseParameter="a05c3c26-0d37-4aec-8654-c909ca35d650">
<description></description><defaultValue value="https://10.3.175.7:8443"></defaultValue>
</parameter>
<parameter id="ceb1342d-bb56-48ae-bf4d-e3078b9b166b" label="Port" type="STRING" stub="false" varname="PORT" uiOrder="7"
 readonly="false" visible="true" mandatory="true" expert="false" isInstanceParameter="false" baseParameter="ceb1342d-bb56-48ae-bf4d-e3078b9b166b">
<description></description><defaultValue value="1000"></defaultValue>
</parameter>
<parameter id="5e2ed8fb-ea17-4ff4-ae0f-d36c357f5971" label="Something" type="STRING" stub="false" varname="SOMETHING" uiOrder="8"
 readonly="false" visible="true" mandatory="true" expert="false" isInstanceParameter="false" baseParameter="5e2ed8fb-ea17-4ff4-ae0f-d36c357f5971">
<description></description><defaultValue value="else"></defaultValue>
</parameter>
<parameter id="c1252d60-ab43-4b4c-b332-b6a34790577e" label="Number" type="STRING" stub="false" varname="NUMBER" uiOrder="9"
 readonly="false" visible="true" mandatory="true" expert="false" isInstanceParameter="false" baseParameter="c1252d60-ab43-4b4c-b332-b6a34790577e">
<description></description><defaultValue value="42"></defaultValue>
</parameter>
</dependentParameters></parameter></parameters>
