<parameters>
<parameter id="545c4955-9de8-4b0d-a7a1-9a179d6fe30a" label="Name" type="STRING" stub="false" varname="NAME" uiOrder="6"
 readonly="false" visible="true" mandatory="true" expert="false" isInstanceParameter="true" baseParameter="545c4955-9de8-4b0d-a7a1-9a179d6fe30a">
<description></description><defaultValue>
</defaultValue>
<dependentParameters>
<parameter id="74591bae-3fe3-4947-9376-651294ac9f2c" label="Interval" type="ENUMERATION" defaultValue="High" stub="false" varname="INTERVAL" uiOrder="0"
 readonly="false" visible="true" mandatory="true" expert="false" isInstanceParameter="false" baseParameter="74591bae-3fe3-4947-9376-651294ac9f2c">
<description>Interval that determines how often the collection should be run.</description><enumValues><enumValue value="Very high" uiorder="0"/><enumValue value="High" uiorder="1"/><enumValue value="Medium" uiorder="2"/><enumValue value="Low" uiorder="3"/></enumValues></parameter>
<parameter id="f199c291-adc0-47ff-8ae6-42986fcb5eb5" label="Username With API Access Enable" type="STRING" stub="false" varname="VSD_USERNAME" uiOrder="1"
 readonly="false" visible="true" mandatory="true" expert="false" isInstanceParameter="false" baseParameter="f199c291-adc0-47ff-8ae6-42986fcb5eb5">
<description></description><defaultValue value="vsd_username"></defaultValue>
</parameter>
<parameter id="00c9a86b-8d2a-402e-89d3-6c38f966ac29" label="Password For Suplied Username" type="PASSWORD" stub="false" varname="VSD_PASSWORD" uiOrder="2"
 readonly="false" visible="true" mandatory="true" expert="false" isInstanceParameter="false" baseParameter="00c9a86b-8d2a-402e-89d3-6c38f966ac29">
<description></description></parameter>
<parameter id="6d173581-41e3-48ee-9791-eaf2c04a90ac" label="Enterprise" type="STRING" stub="false" varname="VSD_ENTERPRISE" uiOrder="3"
 readonly="false" visible="true" mandatory="true" expert="false" isInstanceParameter="false" baseParameter="6d173581-41e3-48ee-9791-eaf2c04a90ac">
<description></description><defaultValue value="vsd_enterprise"></defaultValue>
</parameter>
<parameter id="1477f3fa-060b-463c-bf0a-c4e1a3824245" label="API Version Ex: 3.0" type="STRING" stub="false" varname="VSD_API_VERSION" uiOrder="4"
 readonly="false" visible="true" mandatory="true" expert="false" isInstanceParameter="false" baseParameter="1477f3fa-060b-463c-bf0a-c4e1a3824245">
<description>3.2</description><defaultValue value="3.0"></defaultValue>
</parameter>
<parameter id="cf78ab4b-afa5-4efc-aab1-5a39eae34672" label="API URL Including Protocol And Port Ex: Https://10.3.175.7:8443" type="STRING" stub="false" varname="VSD_API_URL" uiOrder="5"
 readonly="false" visible="true" mandatory="true" expert="false" isInstanceParameter="false" baseParameter="cf78ab4b-afa5-4efc-aab1-5a39eae34672">
<description></description><defaultValue value="https://10.3.175.7:8443"></defaultValue>
</parameter>
<parameter id="aa23e369-ad53-4cb0-9fc3-bca8fbb5d950" label="Port" type="STRING" stub="false" varname="PORT" uiOrder="7"
 readonly="false" visible="true" mandatory="true" expert="false" isInstanceParameter="false" baseParameter="aa23e369-ad53-4cb0-9fc3-bca8fbb5d950">
<description></description><defaultValue value="1000"></defaultValue>
</parameter>
<parameter id="78245332-b384-486a-aa6a-91d320314218" label="Something" type="STRING" stub="false" varname="SOMETHING" uiOrder="8"
 readonly="false" visible="true" mandatory="true" expert="false" isInstanceParameter="false" baseParameter="78245332-b384-486a-aa6a-91d320314218">
<description></description><defaultValue value="else"></defaultValue>
</parameter>
<parameter id="3fd10bb4-b90b-4bda-ba83-289658afad29" label="Number" type="STRING" stub="false" varname="NUMBER" uiOrder="9"
 readonly="false" visible="true" mandatory="true" expert="false" isInstanceParameter="false" baseParameter="3fd10bb4-b90b-4bda-ba83-289658afad29">
<description></description><defaultValue value="42"></defaultValue>
</parameter>
</dependentParameters></parameter></parameters>
