<parameters>
<parameter id="f4c22251-b79c-49c6-95dc-18e94cbe5a90" label="Name" type="STRING" stub="false" varname="NAME" uiOrder="6"
 readonly="false" visible="true" mandatory="true" expert="false" isInstanceParameter="true" baseParameter="f4c22251-b79c-49c6-95dc-18e94cbe5a90">
<description></description><defaultValue>
</defaultValue>
<dependentParameters>
<parameter id="761c6c53-1f6c-4441-afbc-2604db6cd9ba" label="Interval" type="ENUMERATION" defaultValue="High" stub="false" varname="INTERVAL" uiOrder="0"
 readonly="false" visible="true" mandatory="true" expert="false" isInstanceParameter="false" baseParameter="761c6c53-1f6c-4441-afbc-2604db6cd9ba">
<description>Interval that determines how often the collection should be run.</description><enumValues><enumValue value="Very high" uiorder="0"/><enumValue value="High" uiorder="1"/><enumValue value="Medium" uiorder="2"/><enumValue value="Low" uiorder="3"/></enumValues></parameter>
<parameter id="c2531aae-2140-4418-adfc-2d9613052825" label="Username With API Access Enable" type="STRING" stub="false" varname="VSD_USERNAME" uiOrder="1"
 readonly="false" visible="true" mandatory="true" expert="false" isInstanceParameter="false" baseParameter="c2531aae-2140-4418-adfc-2d9613052825">
<description></description><defaultValue value="vsd_username"></defaultValue>
</parameter>
<parameter id="c1250990-a619-4309-9e8d-5eca3f86cf9b" label="Password For Suplied Username" type="PASSWORD" stub="false" varname="VSD_PASSWORD" uiOrder="2"
 readonly="false" visible="true" mandatory="true" expert="false" isInstanceParameter="false" baseParameter="c1250990-a619-4309-9e8d-5eca3f86cf9b">
<description></description></parameter>
<parameter id="c7a794a3-2047-4876-9047-fbfed1b980e9" label="Enterprise" type="STRING" stub="false" varname="VSD_ENTERPRISE" uiOrder="3"
 readonly="false" visible="true" mandatory="true" expert="false" isInstanceParameter="false" baseParameter="c7a794a3-2047-4876-9047-fbfed1b980e9">
<description></description><defaultValue value="vsd_enterprise"></defaultValue>
</parameter>
<parameter id="746243d9-e6ff-4940-a7bb-ec6c80fd01bb" label="API Version Ex: 3.0" type="STRING" stub="false" varname="VSD_API_VERSION" uiOrder="4"
 readonly="false" visible="true" mandatory="true" expert="false" isInstanceParameter="false" baseParameter="746243d9-e6ff-4940-a7bb-ec6c80fd01bb">
<description>3.2</description><defaultValue value="3.0"></defaultValue>
</parameter>
<parameter id="677a1383-cf0b-4489-86ee-9e7211234bb2" label="API URL Including Protocol And Port Ex: Https://10.3.175.7:8443" type="STRING" stub="false" varname="VSD_API_URL" uiOrder="5"
 readonly="false" visible="true" mandatory="true" expert="false" isInstanceParameter="false" baseParameter="677a1383-cf0b-4489-86ee-9e7211234bb2">
<description></description><defaultValue value="https://10.3.175.7:8443"></defaultValue>
</parameter>
<parameter id="56675683-ce5f-4d38-b277-0ac2a6d9c4d0" label="Port" type="STRING" stub="false" varname="PORT" uiOrder="7"
 readonly="false" visible="true" mandatory="true" expert="false" isInstanceParameter="false" baseParameter="56675683-ce5f-4d38-b277-0ac2a6d9c4d0">
<description></description><defaultValue value="1000"></defaultValue>
</parameter>
<parameter id="cdf90743-2926-4b03-917f-158f1e1ce32b" label="Something" type="STRING" stub="false" varname="SOMETHING" uiOrder="8"
 readonly="false" visible="true" mandatory="true" expert="false" isInstanceParameter="false" baseParameter="cdf90743-2926-4b03-917f-158f1e1ce32b">
<description></description><defaultValue value="else"></defaultValue>
</parameter>
<parameter id="c1aa3f52-47b5-4821-825b-8864136df851" label="Number" type="STRING" stub="false" varname="NUMBER" uiOrder="9"
 readonly="false" visible="true" mandatory="true" expert="false" isInstanceParameter="false" baseParameter="c1aa3f52-47b5-4821-825b-8864136df851">
<description></description><defaultValue value="42"></defaultValue>
</parameter>
</dependentParameters></parameter></parameters>
