<parameters>
<parameter id="72bfe69b-e157-45b7-ad49-ed7daaec50c1" label="Name" type="STRING" stub="false" varname="NAME" uiOrder="6"
 readonly="false" visible="true" mandatory="true" expert="false" isInstanceParameter="true" baseParameter="72bfe69b-e157-45b7-ad49-ed7daaec50c1">
<description></description><defaultValue>
</defaultValue>
<dependentParameters>
<parameter id="155f5e00-35be-4759-bf7c-9c3a1729d115" label="Interval" type="ENUMERATION" defaultValue="High" stub="false" varname="INTERVAL" uiOrder="0"
 readonly="false" visible="true" mandatory="true" expert="false" isInstanceParameter="false" baseParameter="155f5e00-35be-4759-bf7c-9c3a1729d115">
<description>Interval that determines how often the collection should be run.</description><enumValues><enumValue value="Very high" uiorder="0"/><enumValue value="High" uiorder="1"/><enumValue value="Medium" uiorder="2"/><enumValue value="Low" uiorder="3"/></enumValues></parameter>
<parameter id="77b8ba95-d58c-49bd-a28f-645bbf06251a" label="Username With API Access Enable" type="STRING" stub="false" varname="VSD_USERNAME" uiOrder="1"
 readonly="false" visible="true" mandatory="true" expert="false" isInstanceParameter="false" baseParameter="77b8ba95-d58c-49bd-a28f-645bbf06251a">
<description></description><defaultValue value="vsd_username"></defaultValue>
</parameter>
<parameter id="8e104875-124e-48be-bee1-142557cfc163" label="Password For Suplied Username" type="PASSWORD" stub="false" varname="VSD_PASSWORD" uiOrder="2"
 readonly="false" visible="true" mandatory="true" expert="false" isInstanceParameter="false" baseParameter="8e104875-124e-48be-bee1-142557cfc163">
<description></description></parameter>
<parameter id="aa28f681-6459-486c-9dd3-9861af9fdd63" label="Enterprise" type="STRING" stub="false" varname="VSD_ENTERPRISE" uiOrder="3"
 readonly="false" visible="true" mandatory="true" expert="false" isInstanceParameter="false" baseParameter="aa28f681-6459-486c-9dd3-9861af9fdd63">
<description></description><defaultValue value="vsd_enterprise"></defaultValue>
</parameter>
<parameter id="72c67cde-d462-41e2-bb39-8b2626762e2a" label="API Version Ex: 3.0" type="STRING" stub="false" varname="VSD_API_VERSION" uiOrder="4"
 readonly="false" visible="true" mandatory="true" expert="false" isInstanceParameter="false" baseParameter="72c67cde-d462-41e2-bb39-8b2626762e2a">
<description>3.2</description><defaultValue value="3.0"></defaultValue>
</parameter>
<parameter id="2069cb96-d3f3-48f3-8dd8-2c5348c80182" label="API URL Including Protocol And Port Ex: Https://10.3.175.7:8443" type="STRING" stub="false" varname="VSD_API_URL" uiOrder="5"
 readonly="false" visible="true" mandatory="true" expert="false" isInstanceParameter="false" baseParameter="2069cb96-d3f3-48f3-8dd8-2c5348c80182">
<description></description><defaultValue value="https://10.3.175.7:8443"></defaultValue>
</parameter>
<parameter id="ee489654-a61a-4ff0-b451-9073cee91f41" label="Port" type="STRING" stub="false" varname="PORT" uiOrder="7"
 readonly="false" visible="true" mandatory="true" expert="false" isInstanceParameter="false" baseParameter="ee489654-a61a-4ff0-b451-9073cee91f41">
<description></description><defaultValue value="1000"></defaultValue>
</parameter>
<parameter id="5ebb2373-f1d3-4253-8e0b-01498a656efe" label="Something" type="STRING" stub="false" varname="SOMETHING" uiOrder="8"
 readonly="false" visible="true" mandatory="true" expert="false" isInstanceParameter="false" baseParameter="5ebb2373-f1d3-4253-8e0b-01498a656efe">
<description></description><defaultValue value="else"></defaultValue>
</parameter>
<parameter id="b528e25a-7a05-4840-add5-f19573527e79" label="Number" type="STRING" stub="false" varname="NUMBER" uiOrder="9"
 readonly="false" visible="true" mandatory="true" expert="false" isInstanceParameter="false" baseParameter="b528e25a-7a05-4840-add5-f19573527e79">
<description></description><defaultValue value="42"></defaultValue>
</parameter>
</dependentParameters></parameter></parameters>
