<parameters>
<parameter id="7192e888-601e-46a1-9ebf-f035181c3688" label="Interval" type="ENUMERATION" defaultValue="High" stub="false" varname="INTERVAL" uiOrder="0"
 readonly="false" visible="true" mandatory="true" expert="false" isInstanceParameter="false" baseParameter="7192e888-601e-46a1-9ebf-f035181c3688">
<description>Interval that determines how often the collection should be run.</description><enumValues><enumValue value="Very high" uiorder="0"/><enumValue value="High" uiorder="1"/><enumValue value="Medium" uiorder="2"/><enumValue value="Low" uiorder="3"/></enumValues></parameter>
<parameter id="2e56ca53-dcff-4295-9248-02015bfd7638" label="Username With API Access Enable" type="STRING" stub="false" varname="VSD_USERNAME" uiOrder="1"
 readonly="false" visible="true" mandatory="true" expert="false" isInstanceParameter="false" baseParameter="2e56ca53-dcff-4295-9248-02015bfd7638">
<description></description><defaultValue value="vsd_username"></defaultValue>
</parameter>
<parameter id="fd02c300-f3d5-48a5-8181-da2dd827d5f4" label="Password For Suplied Username" type="PASSWORD" stub="false" varname="VSD_PASSWORD" uiOrder="2"
 readonly="false" visible="true" mandatory="true" expert="false" isInstanceParameter="false" baseParameter="fd02c300-f3d5-48a5-8181-da2dd827d5f4">
<description></description></parameter>
<parameter id="b92eed67-922f-48b4-8003-167872548393" label="Enterprise" type="STRING" stub="false" varname="VSD_ENTERPRISE" uiOrder="3"
 readonly="false" visible="true" mandatory="true" expert="false" isInstanceParameter="false" baseParameter="b92eed67-922f-48b4-8003-167872548393">
<description></description><defaultValue value="vsd_enterprise"></defaultValue>
</parameter>
<parameter id="8f44148a-2747-4970-9957-a61a8eb47b08" label="API Version Ex: 3.0" type="STRING" stub="false" varname="VSD_API_VERSION" uiOrder="4"
 readonly="false" visible="true" mandatory="true" expert="false" isInstanceParameter="false" baseParameter="8f44148a-2747-4970-9957-a61a8eb47b08">
<description>3.2</description><defaultValue value="3.0"></defaultValue>
</parameter>
<parameter id="f8bb3cff-4760-44e7-b4c6-b7e239fe2126" label="API URL Including Protocol And Port Ex: Https://10.3.175.7:8443" type="STRING" stub="false" varname="VSD_API_URL" uiOrder="5"
 readonly="false" visible="true" mandatory="true" expert="false" isInstanceParameter="false" baseParameter="f8bb3cff-4760-44e7-b4c6-b7e239fe2126">
<description></description><defaultValue value="https://X.X.X.X:8443"></defaultValue>
</parameter>
</parameters>
