<parameters>
<parameter id="9c540333-b959-4959-aaf8-76bffd02810a" label="Name" type="STRING" stub="false" varname="NAME" uiOrder="6"
 readonly="false" visible="true" mandatory="true" expert="false" isInstanceParameter="true" baseParameter="9c540333-b959-4959-aaf8-76bffd02810a">
<description></description><defaultValue>
</defaultValue>
<dependentParameters>
<parameter id="a7806bd9-fbb7-4dcc-9648-52dcac846641" label="Interval" type="ENUMERATION" defaultValue="High" stub="false" varname="INTERVAL" uiOrder="0"
 readonly="false" visible="true" mandatory="true" expert="false" isInstanceParameter="false" baseParameter="a7806bd9-fbb7-4dcc-9648-52dcac846641">
<description>Interval that determines how often the collection should be run.</description><enumValues><enumValue value="Very high" uiorder="0"/><enumValue value="High" uiorder="1"/><enumValue value="Medium" uiorder="2"/><enumValue value="Low" uiorder="3"/></enumValues></parameter>
<parameter id="478d8d29-d32f-46d8-b600-f2dbbd805369" label="Username With API Access Enable" type="STRING" stub="false" varname="VSD_USERNAME" uiOrder="1"
 readonly="false" visible="true" mandatory="true" expert="false" isInstanceParameter="false" baseParameter="478d8d29-d32f-46d8-b600-f2dbbd805369">
<description></description><defaultValue value="vsd_username"></defaultValue>
</parameter>
<parameter id="67a16365-25ae-4432-9bc9-322d954c4e82" label="Password For Suplied Username" type="PASSWORD" stub="false" varname="VSD_PASSWORD" uiOrder="2"
 readonly="false" visible="true" mandatory="true" expert="false" isInstanceParameter="false" baseParameter="67a16365-25ae-4432-9bc9-322d954c4e82">
<description></description></parameter>
<parameter id="460111a7-2989-4ec7-87bd-e0e71ef67631" label="Enterprise" type="STRING" stub="false" varname="VSD_ENTERPRISE" uiOrder="3"
 readonly="false" visible="true" mandatory="true" expert="false" isInstanceParameter="false" baseParameter="460111a7-2989-4ec7-87bd-e0e71ef67631">
<description></description><defaultValue value="vsd_enterprise"></defaultValue>
</parameter>
<parameter id="8e591ea7-9217-44af-ae3b-deaa9fc6a555" label="API Version Ex: 3.0" type="STRING" stub="false" varname="VSD_API_VERSION" uiOrder="4"
 readonly="false" visible="true" mandatory="true" expert="false" isInstanceParameter="false" baseParameter="8e591ea7-9217-44af-ae3b-deaa9fc6a555">
<description>3.2</description><defaultValue value="3.0"></defaultValue>
</parameter>
<parameter id="2edaa22c-76e3-4ffa-97a3-3bb5298c3428" label="API URL Including Protocol And Port Ex: Https://10.3.175.7:8443" type="STRING" stub="false" varname="VSD_API_URL" uiOrder="5"
 readonly="false" visible="true" mandatory="true" expert="false" isInstanceParameter="false" baseParameter="2edaa22c-76e3-4ffa-97a3-3bb5298c3428">
<description></description><defaultValue value="https://10.3.175.7:8443"></defaultValue>
</parameter>
<parameter id="1064dea9-b567-4512-afb5-90fd080297c3" label="Port" type="STRING" stub="false" varname="PORT" uiOrder="7"
 readonly="false" visible="true" mandatory="true" expert="false" isInstanceParameter="false" baseParameter="1064dea9-b567-4512-afb5-90fd080297c3">
<description></description><defaultValue value="1000"></defaultValue>
</parameter>
<parameter id="a2aa768e-1c50-45e4-b04e-856fb897e25c" label="Something" type="STRING" stub="false" varname="SOMETHING" uiOrder="8"
 readonly="false" visible="true" mandatory="true" expert="false" isInstanceParameter="false" baseParameter="a2aa768e-1c50-45e4-b04e-856fb897e25c">
<description></description><defaultValue value="else"></defaultValue>
</parameter>
<parameter id="657ea2b7-6c9d-43f4-b1c8-e2e4195c1d88" label="Number" type="STRING" stub="false" varname="NUMBER" uiOrder="9"
 readonly="false" visible="true" mandatory="true" expert="false" isInstanceParameter="false" baseParameter="657ea2b7-6c9d-43f4-b1c8-e2e4195c1d88">
<description></description><defaultValue value="42"></defaultValue>
</parameter>
</dependentParameters></parameter></parameters>
