<parameters>
<parameter id="e208ee67-df17-4034-ac9b-33d5dbbbd346" label="Name" type="STRING" stub="false" varname="NAME" uiOrder="6"
 readonly="false" visible="true" mandatory="true" expert="false" isInstanceParameter="true" baseParameter="e208ee67-df17-4034-ac9b-33d5dbbbd346">
<description></description><defaultValue>
</defaultValue>
<dependentParameters>
<parameter id="9954650e-dc32-4075-90e9-d3d36883e52a" label="Interval" type="ENUMERATION" defaultValue="High" stub="false" varname="INTERVAL" uiOrder="0"
 readonly="false" visible="true" mandatory="true" expert="false" isInstanceParameter="false" baseParameter="9954650e-dc32-4075-90e9-d3d36883e52a">
<description>Interval that determines how often the collection should be run.</description><enumValues><enumValue value="Very high" uiorder="0"/><enumValue value="High" uiorder="1"/><enumValue value="Medium" uiorder="2"/><enumValue value="Low" uiorder="3"/></enumValues></parameter>
<parameter id="8ef012a9-a31a-47fb-a6b0-dfd67725ebcb" label="Username With API Access Enable" type="STRING" stub="false" varname="VSD_USERNAME" uiOrder="1"
 readonly="false" visible="true" mandatory="true" expert="false" isInstanceParameter="false" baseParameter="8ef012a9-a31a-47fb-a6b0-dfd67725ebcb">
<description></description><defaultValue value="vsd_username"></defaultValue>
</parameter>
<parameter id="42716bc3-f568-45b2-8c85-133d5f685964" label="Password For Suplied Username" type="PASSWORD" stub="false" varname="VSD_PASSWORD" uiOrder="2"
 readonly="false" visible="true" mandatory="true" expert="false" isInstanceParameter="false" baseParameter="42716bc3-f568-45b2-8c85-133d5f685964">
<description></description></parameter>
<parameter id="87b64bec-773d-4ef2-ae8f-8287918ec89e" label="Enterprise" type="STRING" stub="false" varname="VSD_ENTERPRISE" uiOrder="3"
 readonly="false" visible="true" mandatory="true" expert="false" isInstanceParameter="false" baseParameter="87b64bec-773d-4ef2-ae8f-8287918ec89e">
<description></description><defaultValue value="vsd_enterprise"></defaultValue>
</parameter>
<parameter id="d2078594-1cdd-4ba6-b08f-c27268912f99" label="API Version Ex: 3.0" type="STRING" stub="false" varname="VSD_API_VERSION" uiOrder="4"
 readonly="false" visible="true" mandatory="true" expert="false" isInstanceParameter="false" baseParameter="d2078594-1cdd-4ba6-b08f-c27268912f99">
<description>3.2</description><defaultValue value="3.0"></defaultValue>
</parameter>
<parameter id="c9c87bd9-86e0-487b-89b0-249a16e74546" label="API URL Including Protocol And Port Ex: Https://10.3.175.7:8443" type="STRING" stub="false" varname="VSD_API_URL" uiOrder="5"
 readonly="false" visible="true" mandatory="true" expert="false" isInstanceParameter="false" baseParameter="c9c87bd9-86e0-487b-89b0-249a16e74546">
<description></description><defaultValue value="https://10.3.175.7:8443"></defaultValue>
</parameter>
<parameter id="08fce8fa-f0d0-418c-ad29-bfbdbaf07b3d" label="Port" type="STRING" stub="false" varname="PORT" uiOrder="7"
 readonly="false" visible="true" mandatory="true" expert="false" isInstanceParameter="false" baseParameter="08fce8fa-f0d0-418c-ad29-bfbdbaf07b3d">
<description></description><defaultValue value="1000"></defaultValue>
</parameter>
<parameter id="88e317ea-8c19-45fc-80eb-be05da81bdb4" label="Something" type="STRING" stub="false" varname="SOMETHING" uiOrder="8"
 readonly="false" visible="true" mandatory="true" expert="false" isInstanceParameter="false" baseParameter="88e317ea-8c19-45fc-80eb-be05da81bdb4">
<description></description><defaultValue value="else"></defaultValue>
</parameter>
<parameter id="92df8170-7077-4802-b01b-b77e09f560c1" label="Number" type="STRING" stub="false" varname="NUMBER" uiOrder="9"
 readonly="false" visible="true" mandatory="true" expert="false" isInstanceParameter="false" baseParameter="92df8170-7077-4802-b01b-b77e09f560c1">
<description></description><defaultValue value="42"></defaultValue>
</parameter>
</dependentParameters></parameter></parameters>
