<parameters>
<parameter id="e5ad7f74-f4b6-41a2-8181-274744a29213" label="Name" type="STRING" stub="false" varname="NAME" uiOrder="6"
 readonly="false" visible="true" mandatory="true" expert="false" isInstanceParameter="true" baseParameter="e5ad7f74-f4b6-41a2-8181-274744a29213">
<description></description><defaultValue>
</defaultValue>
<dependentParameters>
<parameter id="a0f4eae8-831f-4c01-b0fd-46d7b3fae8b1" label="Interval" type="ENUMERATION" defaultValue="High" stub="false" varname="INTERVAL" uiOrder="0"
 readonly="false" visible="true" mandatory="true" expert="false" isInstanceParameter="false" baseParameter="a0f4eae8-831f-4c01-b0fd-46d7b3fae8b1">
<description>Interval that determines how often the collection should be run.</description><enumValues><enumValue value="Very high" uiorder="0"/><enumValue value="High" uiorder="1"/><enumValue value="Medium" uiorder="2"/><enumValue value="Low" uiorder="3"/></enumValues></parameter>
<parameter id="6687a7e3-45ef-4a00-8e54-8a1671363b04" label="Username With API Access Enable" type="STRING" stub="false" varname="VSD_USERNAME" uiOrder="1"
 readonly="false" visible="true" mandatory="true" expert="false" isInstanceParameter="false" baseParameter="6687a7e3-45ef-4a00-8e54-8a1671363b04">
<description></description><defaultValue value="vsd_username"></defaultValue>
</parameter>
<parameter id="9561d2be-fef8-41ad-ba1f-cd2fa2dd65ac" label="Password For Suplied Username" type="PASSWORD" stub="false" varname="VSD_PASSWORD" uiOrder="2"
 readonly="false" visible="true" mandatory="true" expert="false" isInstanceParameter="false" baseParameter="9561d2be-fef8-41ad-ba1f-cd2fa2dd65ac">
<description></description></parameter>
<parameter id="b0448b7b-e3b5-4ccf-8268-4a64e51cf51f" label="Enterprise" type="STRING" stub="false" varname="VSD_ENTERPRISE" uiOrder="3"
 readonly="false" visible="true" mandatory="true" expert="false" isInstanceParameter="false" baseParameter="b0448b7b-e3b5-4ccf-8268-4a64e51cf51f">
<description></description><defaultValue value="vsd_enterprise"></defaultValue>
</parameter>
<parameter id="5f4087d2-97d3-470d-8911-23f1cca1632b" label="API Version Ex: 3.0" type="STRING" stub="false" varname="VSD_API_VERSION" uiOrder="4"
 readonly="false" visible="true" mandatory="true" expert="false" isInstanceParameter="false" baseParameter="5f4087d2-97d3-470d-8911-23f1cca1632b">
<description>3.2</description><defaultValue value="3.0"></defaultValue>
</parameter>
<parameter id="f49cdd9e-2cb2-4e65-8cd1-acaab6bf12d1" label="API URL Including Protocol And Port Ex: Https://10.3.175.7:8443" type="STRING" stub="false" varname="VSD_API_URL" uiOrder="5"
 readonly="false" visible="true" mandatory="true" expert="false" isInstanceParameter="false" baseParameter="f49cdd9e-2cb2-4e65-8cd1-acaab6bf12d1">
<description></description><defaultValue value="https://10.3.175.7:8443"></defaultValue>
</parameter>
<parameter id="9262ebd6-28e7-48ee-a057-3dade7f7b72b" label="Port" type="STRING" stub="false" varname="PORT" uiOrder="7"
 readonly="false" visible="true" mandatory="true" expert="false" isInstanceParameter="false" baseParameter="9262ebd6-28e7-48ee-a057-3dade7f7b72b">
<description></description><defaultValue value="1000"></defaultValue>
</parameter>
<parameter id="6877b091-618f-404a-bbc5-ac1bdf06d20a" label="Something" type="STRING" stub="false" varname="SOMETHING" uiOrder="8"
 readonly="false" visible="true" mandatory="true" expert="false" isInstanceParameter="false" baseParameter="6877b091-618f-404a-bbc5-ac1bdf06d20a">
<description></description><defaultValue value="else"></defaultValue>
</parameter>
<parameter id="8cb2862c-23b1-4a72-a241-63615e136f3f" label="Number" type="STRING" stub="false" varname="NUMBER" uiOrder="9"
 readonly="false" visible="true" mandatory="true" expert="false" isInstanceParameter="false" baseParameter="8cb2862c-23b1-4a72-a241-63615e136f3f">
<description></description><defaultValue value="42"></defaultValue>
</parameter>
</dependentParameters></parameter></parameters>
