<parameters>
<parameter id="43fde510-ccd6-42bf-99f7-0fabba62e23a" label="Interval" type="ENUMERATION" defaultValue="High" stub="false" varname="INTERVAL" uiOrder="0"
 readonly="false" visible="true" mandatory="true" expert="false" isInstanceParameter="false" baseParameter="43fde510-ccd6-42bf-99f7-0fabba62e23a">
<description>Interval that determines how often the collection should be run.</description><enumValues><enumValue value="Very high" uiorder="0"/><enumValue value="High" uiorder="1"/><enumValue value="Medium" uiorder="2"/><enumValue value="Low" uiorder="3"/></enumValues></parameter>
<parameter id="f40f4659-c975-4379-80da-b9fb68226c6b" label="Username With API Access Enable" type="STRING" stub="false" varname="VSD_USERNAME" uiOrder="1"
 readonly="false" visible="true" mandatory="true" expert="false" isInstanceParameter="false" baseParameter="f40f4659-c975-4379-80da-b9fb68226c6b">
<description></description><defaultValue value="vsd_username"></defaultValue>
</parameter>
<parameter id="23c1da69-4fde-458e-a3d1-2895006acef7" label="Password For Suplied Username" type="PASSWORD" stub="false" varname="VSD_PASSWORD" uiOrder="2"
 readonly="false" visible="true" mandatory="true" expert="false" isInstanceParameter="false" baseParameter="23c1da69-4fde-458e-a3d1-2895006acef7">
<description></description></parameter>
<parameter id="58593df2-f0ec-4e34-bad2-d579e9814305" label="Enterprise" type="STRING" stub="false" varname="VSD_ENTERPRISE" uiOrder="3"
 readonly="false" visible="true" mandatory="true" expert="false" isInstanceParameter="false" baseParameter="58593df2-f0ec-4e34-bad2-d579e9814305">
<description></description><defaultValue value="vsd_enterprise"></defaultValue>
</parameter>
<parameter id="ea6ea0db-cb6b-4cd9-8184-cf4bbd05cff5" label="API Version Ex: 3.0" type="STRING" stub="false" varname="VSD_API_VERSION" uiOrder="4"
 readonly="false" visible="true" mandatory="true" expert="false" isInstanceParameter="false" baseParameter="ea6ea0db-cb6b-4cd9-8184-cf4bbd05cff5">
<description>3.2</description><defaultValue value="3.0"></defaultValue>
</parameter>
<parameter id="5ba62d3c-92e5-45ee-9e19-c96928ded712" label="API URL Including Protocol And Port Ex: Https://10.3.175.7:8443" type="STRING" stub="false" varname="VSD_API_URL" uiOrder="5"
 readonly="false" visible="true" mandatory="true" expert="false" isInstanceParameter="false" baseParameter="5ba62d3c-92e5-45ee-9e19-c96928ded712">
<description></description><defaultValue value="https://X.X.X.X:8443"></defaultValue>
</parameter>
</parameters>
