<parameters>
<parameter id="5c4a8f77-7ae2-4637-984f-c0ce2fc11f45" label="Interval" type="ENUMERATION" defaultValue="High" stub="false" varname="INTERVAL" uiOrder="0"
 readonly="false" visible="true" mandatory="true" expert="false" isInstanceParameter="false" baseParameter="5c4a8f77-7ae2-4637-984f-c0ce2fc11f45">
<description>Interval that determines how often the collection should be run.</description><enumValues><enumValue value="Very high" uiorder="0"/><enumValue value="High" uiorder="1"/><enumValue value="Medium" uiorder="2"/><enumValue value="Low" uiorder="3"/></enumValues></parameter>
<parameter id="8f1e10cc-9424-427a-a0b6-ef2773fa79ed" label="Username With API Access Enable" type="STRING" stub="false" varname="VSD_USERNAME" uiOrder="1"
 readonly="false" visible="true" mandatory="true" expert="false" isInstanceParameter="false" baseParameter="8f1e10cc-9424-427a-a0b6-ef2773fa79ed">
<description></description><defaultValue value="vsd_username"></defaultValue>
</parameter>
<parameter id="331a8ed9-40b0-43c7-9fd8-4c277aa649a7" label="Password For Suplied Username" type="PASSWORD" stub="false" varname="VSD_PASSWORD" uiOrder="2"
 readonly="false" visible="true" mandatory="true" expert="false" isInstanceParameter="false" baseParameter="331a8ed9-40b0-43c7-9fd8-4c277aa649a7">
<description></description></parameter>
<parameter id="3868c221-a339-418b-8ce2-fcaf348ba267" label="Enterprise" type="STRING" stub="false" varname="VSD_ENTERPRISE" uiOrder="3"
 readonly="false" visible="true" mandatory="true" expert="false" isInstanceParameter="false" baseParameter="3868c221-a339-418b-8ce2-fcaf348ba267">
<description></description><defaultValue value="vsd_enterprise"></defaultValue>
</parameter>
<parameter id="37ef69b0-ff30-4b30-8d0f-62d28923241e" label="API Version Ex: 3.0" type="STRING" stub="false" varname="VSD_API_VERSION" uiOrder="4"
 readonly="false" visible="true" mandatory="true" expert="false" isInstanceParameter="false" baseParameter="37ef69b0-ff30-4b30-8d0f-62d28923241e">
<description>3.2</description><defaultValue value="3.0"></defaultValue>
</parameter>
<parameter id="3ec5275c-84c0-4aaf-af44-8e6ad47bca87" label="API URL Including Protocol And Port Ex: Https://10.3.175.7:8443" type="STRING" stub="false" varname="VSD_API_URL" uiOrder="5"
 readonly="false" visible="true" mandatory="true" expert="false" isInstanceParameter="false" baseParameter="3ec5275c-84c0-4aaf-af44-8e6ad47bca87">
<description></description><defaultValue value="https://X.X.X.X:8443"></defaultValue>
</parameter>
</parameters>
