<parameters>
<parameter id="1e19ba61-7e59-44cf-8258-1a7dee93e3a0" label="Name" type="STRING" stub="false" varname="NAME" uiOrder="6"
 readonly="false" visible="true" mandatory="true" expert="false" isInstanceParameter="true" baseParameter="1e19ba61-7e59-44cf-8258-1a7dee93e3a0">
<description></description><defaultValue>
</defaultValue>
<dependentParameters>
<parameter id="1b1f73f9-64c2-409b-95d7-f8874d019b52" label="Interval" type="ENUMERATION" defaultValue="High" stub="false" varname="INTERVAL" uiOrder="0"
 readonly="false" visible="true" mandatory="true" expert="false" isInstanceParameter="false" baseParameter="1b1f73f9-64c2-409b-95d7-f8874d019b52">
<description>Interval that determines how often the collection should be run.</description><enumValues><enumValue value="Very high" uiorder="0"/><enumValue value="High" uiorder="1"/><enumValue value="Medium" uiorder="2"/><enumValue value="Low" uiorder="3"/></enumValues></parameter>
<parameter id="94801186-b533-44cf-99c6-d04837ddd884" label="Username With API Access Enable" type="STRING" stub="false" varname="VSD_USERNAME" uiOrder="1"
 readonly="false" visible="true" mandatory="true" expert="false" isInstanceParameter="false" baseParameter="94801186-b533-44cf-99c6-d04837ddd884">
<description></description><defaultValue value="vsd_username"></defaultValue>
</parameter>
<parameter id="af26b734-0de1-4c2b-8aea-9bbdebb57b3d" label="Password For Suplied Username" type="PASSWORD" stub="false" varname="VSD_PASSWORD" uiOrder="2"
 readonly="false" visible="true" mandatory="true" expert="false" isInstanceParameter="false" baseParameter="af26b734-0de1-4c2b-8aea-9bbdebb57b3d">
<description></description></parameter>
<parameter id="7aa6769d-c891-45f3-add7-71c7a4944aa2" label="Enterprise" type="STRING" stub="false" varname="VSD_ENTERPRISE" uiOrder="3"
 readonly="false" visible="true" mandatory="true" expert="false" isInstanceParameter="false" baseParameter="7aa6769d-c891-45f3-add7-71c7a4944aa2">
<description></description><defaultValue value="vsd_enterprise"></defaultValue>
</parameter>
<parameter id="edc6495a-16f2-4201-a230-beb60037bdd8" label="API Version Ex: 3.0" type="STRING" stub="false" varname="VSD_API_VERSION" uiOrder="4"
 readonly="false" visible="true" mandatory="true" expert="false" isInstanceParameter="false" baseParameter="edc6495a-16f2-4201-a230-beb60037bdd8">
<description>3.2</description><defaultValue value="3.0"></defaultValue>
</parameter>
<parameter id="01dad95d-81c3-420e-8942-7ccf7a9d4291" label="API URL Including Protocol And Port Ex: Https://10.3.175.7:8443" type="STRING" stub="false" varname="VSD_API_URL" uiOrder="5"
 readonly="false" visible="true" mandatory="true" expert="false" isInstanceParameter="false" baseParameter="01dad95d-81c3-420e-8942-7ccf7a9d4291">
<description></description><defaultValue value="https://10.3.175.7:8443"></defaultValue>
</parameter>
<parameter id="f1c238b8-0296-4c38-a979-bc295fe0a3ec" label="Port" type="STRING" stub="false" varname="PORT" uiOrder="7"
 readonly="false" visible="true" mandatory="true" expert="false" isInstanceParameter="false" baseParameter="f1c238b8-0296-4c38-a979-bc295fe0a3ec">
<description></description><defaultValue value="1000"></defaultValue>
</parameter>
<parameter id="132223dc-f2d2-429d-a88d-3d11ec1a8a10" label="Something" type="STRING" stub="false" varname="SOMETHING" uiOrder="8"
 readonly="false" visible="true" mandatory="true" expert="false" isInstanceParameter="false" baseParameter="132223dc-f2d2-429d-a88d-3d11ec1a8a10">
<description></description><defaultValue value="else"></defaultValue>
</parameter>
<parameter id="ae9019e9-2f8a-47f6-95cc-ddc365f041b0" label="Number" type="STRING" stub="false" varname="NUMBER" uiOrder="9"
 readonly="false" visible="true" mandatory="true" expert="false" isInstanceParameter="false" baseParameter="ae9019e9-2f8a-47f6-95cc-ddc365f041b0">
<description></description><defaultValue value="42"></defaultValue>
</parameter>
</dependentParameters></parameter></parameters>
